id,kind,api_version,created_at,origin,query
019ef5cd-2f39-72fd-b900-7743a763db8d,scrape,v2,2026-06-23T18:45:26.592Z,python-sdk@4.30.2,https://www.ebay.com/itm/226025376441
019ef5cc-f6ee-77ae-8255-be81e28f5a1d,scrape,v2,2026-06-23T18:45:11.024Z,python-sdk@4.30.2,https://www.ebay.com/itm/226891402412
019ef5cc-c650-77b8-968b-691875ca8ce5,scrape,v2,2026-06-23T18:44:58.579Z,python-sdk@4.30.2,https://www.ebay.com/itm/226799616758
019ef5cc-98a1-76ce-a4a3-7e81ce662180,scrape,v2,2026-06-23T18:44:46.887Z,python-sdk@4.30.2,https://www.ebay.com/itm/227336396455
019ef5cc-6ccf-751c-9f97-e02e5d6753ed,scrape,v2,2026-06-23T18:44:35.665Z,python-sdk@4.30.2,https://www.ebay.com/itm/227361695538
019ef5cc-4256-723a-b137-716f46d6cf89,scrape,v2,2026-06-23T18:44:24.792Z,python-sdk@4.30.2,https://www.ebay.com/itm/227336409579
019ef5cc-1695-7338-8f6e-5832d9193691,scrape,v2,2026-06-23T18:44:13.591Z,python-sdk@4.30.2,https://www.ebay.com/itm/227357563005
019ef5cb-ec77-737c-897e-8e9891748e84,scrape,v2,2026-06-23T18:44:02.808Z,python-sdk@4.30.2,https://www.ebay.com/itm/227354925850
019ef5cb-b761-7064-90f8-cc1cdaead4df,scrape,v2,2026-06-23T18:43:49.218Z,python-sdk@4.30.2,https://www.ebay.com/itm/227357555875
019ef5cb-a7b5-77fb-b02e-48f52f0d70e5,scrape,v2,2026-06-23T18:43:45.207Z,python-sdk@4.30.2,https://www.ebay.com/itm/227352369749
019ef5cb-965c-73b2-8cb4-fb36c6d35b0b,scrape,v2,2026-06-23T18:43:40.765Z,python-sdk@4.30.2,https://www.ebay.com/itm/227384727367
019ef5cb-67e4-74b0-bd55-2498d12d101d,scrape,v2,2026-06-23T18:43:28.869Z,python-sdk@4.30.2,https://www.ebay.com/itm/227385453001
019ef5cb-3709-76f9-b668-3e1dd0d5f6d8,scrape,v2,2026-06-23T18:43:16.362Z,python-sdk@4.30.2,https://www.ebay.com/sch/i.html?_dkr=1&iconV2Request=true&_blrs=recall_filtering&_ssn=w2cllc&store_cat=0&store_name=watchwristcheck&_oac=1&_nkw=watch
019ef51d-e83b-73d8-bae3-8b2028a4e119,scrape,v2,2026-06-23T15:33:58.459Z,python-sdk@4.30.2,https://www.ebay.com/sch/i.html?_dkr=1&iconV2Request=true&_blrs=recall_filtering&_ssn=chronodynamix&store_name=markswatchesusa&_oac=1&LH_All=1
019ef51d-34e7-747c-aa18-8fc2d22f6c5c,scrape,v2,2026-06-23T15:33:12.551Z,python-sdk@4.30.2,https://www.ebay.com/sch/i.html?_dkr=1&iconV2Request=true&_blrs=recall_filtering&_ssn=chronodynamix&store_name=markswatchesusa&_oac=1&LH_All=1
019ef51c-eb6a-772a-b939-fd0d7cee4a1d,scrape,v2,2026-06-23T15:32:53.738Z,python-sdk@4.30.2,https://www.ebay.com/sch/i.html?_dkr=1&iconV2Request=true&_blrs=recall_filtering&_ssn=chronodynamix&store_name=markswatchesusa&_oac=1&LH_All=1
019ef51c-92b2-70e2-8467-8939756cd959,scrape,v2,2026-06-23T15:32:31.027Z,python-sdk@4.30.2,https://www.ebay.com/sch/i.html?_dkr=1&iconV2Request=true&_blrs=recall_filtering&_ssn=chronodynamix&store_name=markswatchesusa&_oac=1&LH_All=1
019ef51a-381d-7174-a8d6-fa0a3b4c9b0a,scrape,v2,2026-06-23T15:29:56.765Z,python-sdk@4.30.2,https://www.ebay.com/itm/278105495343
019ef51a-0964-772a-8da2-20d43ff0c154,scrape,v2,2026-06-23T15:29:44.810Z,python-sdk@4.30.2,https://www.ebay.com/itm/278105503669
019ef519-fb46-75fb-b8fb-2b6232effc7d,scrape,v2,2026-06-23T15:29:41.190Z,python-sdk@4.30.2,https://www.ebay.com/itm/278105736118
019ef519-eac0-7628-8591-095f7843740f,scrape,v2,2026-06-23T15:29:36.959Z,python-sdk@4.30.2,https://www.ebay.com/itm/397298789350
019ef519-b6ea-70f4-94e0-b39e8c6f8e5f,scrape,v2,2026-06-23T15:29:23.694Z,python-sdk@4.30.2,https://www.ebay.com/itm/277261606279
019ef519-8b7d-7335-8e2e-c4d94b9fc955,scrape,v2,2026-06-23T15:29:12.574Z,python-sdk@4.30.2,https://www.ebay.com/itm/398061863933
019ef519-5d3c-71b3-a21a-dd33cf89cd91,scrape,v2,2026-06-23T15:29:00.732Z,python-sdk@4.30.2,https://www.ebay.com/itm/278106708496
019ef519-148c-730f-9140-2649b3578912,scrape,v2,2026-06-23T15:28:42.124Z,python-sdk@4.30.2,https://www.ebay.com/itm/398015197971
019ef517-ea27-77ce-965d-133190387c08,scrape,v2,2026-06-23T15:27:25.735Z,python-sdk@4.30.2,https://www.ebay.com/itm/276850072580
019ef517-b8cf-7389-a138-9487ee0e08ca,scrape,v2,2026-06-23T15:27:13.103Z,python-sdk@4.30.2,https://www.ebay.com/itm/277902980906
019ef517-86a8-7798-b8bd-f467296f4e06,scrape,v2,2026-06-23T15:27:00.265Z,python-sdk@4.30.2,https://www.ebay.com/itm/278057026680
019ef517-7457-768d-9731-28308cc0d9f0,scrape,v2,2026-06-23T15:26:55.576Z,python-sdk@4.30.2,https://www.ebay.com/itm/278038892959
019ef517-2a42-762b-a01a-7112466a8cd7,scrape,v2,2026-06-23T15:26:38.374Z,python-sdk@4.30.2,https://www.ebay.com/itm/277802910362
019ef516-fd9b-758f-b0aa-fbc5298dc258,scrape,v2,2026-06-23T15:26:27.953Z,python-sdk@4.30.2,https://www.ebay.com/itm/397752286518
019ef516-f13d-7672-b702-15d37e377ca1,scrape,v2,2026-06-23T15:26:22.014Z,python-sdk@4.30.2,https://www.ebay.com/itm/398061973470
019ef516-c216-710a-acce-bed42bb7567c,scrape,v2,2026-06-23T15:26:09.944Z,python-sdk@4.30.2,https://www.ebay.com/itm/397900297629
019ef516-8f5d-74de-a21c-48b550c4adc1,scrape,v2,2026-06-23T15:25:56.958Z,python-sdk@4.30.2,https://www.ebay.com/itm/277947157463
019ef516-8308-777a-bbe7-1ec4f6b5af5f,scrape,v2,2026-06-23T15:25:53.802Z,python-sdk@4.30.2,https://www.ebay.com/itm/398084144355
019ef516-77d5-70a6-9c31-f3dcaaf09bc7,scrape,v2,2026-06-23T15:25:50.933Z,python-sdk@4.30.2,https://www.ebay.com/itm/397956091695
019ef516-426f-72f8-a5e6-7eeefe81b146,scrape,v2,2026-06-23T15:25:37.264Z,python-sdk@4.30.2,https://www.ebay.com/itm/277521826126
019ef516-082e-7087-b110-658087eafc0f,scrape,v2,2026-06-23T15:25:22.351Z,python-sdk@4.30.2,https://www.ebay.com/itm/278085963286
019ef515-d0a7-725c-9b6c-698f7cc2f676,scrape,v2,2026-06-23T15:25:08.136Z,python-sdk@4.30.2,https://www.ebay.com/itm/396843117439
019ef515-4157-757f-b8ec-324d30040bb5,scrape,v2,2026-06-23T15:24:31.449Z,python-sdk@4.30.2,https://www.ebay.com/itm/398014934609
019ef514-d570-743a-b7f3-31f2ec5d12f0,scrape,v2,2026-06-23T15:24:03.829Z,python-sdk@4.30.2,https://www.ebay.com/itm/277569748959
019ef514-836d-771a-b4df-14f73aefa810,scrape,v2,2026-06-23T15:23:42.830Z,python-sdk@4.30.2,https://www.ebay.com/itm/397752285173
019ef514-540a-7028-9056-9266c63a881b,scrape,v2,2026-06-23T15:23:30.700Z,python-sdk@4.30.2,https://www.ebay.com/itm/398061819967
019ef514-20ab-769c-b36c-fe3bf1c3dce8,scrape,v2,2026-06-23T15:23:17.549Z,python-sdk@4.30.2,https://www.ebay.com/itm/398061846716
019ef513-da1f-75ff-8433-78bb46fe4a77,scrape,v2,2026-06-23T15:22:59.487Z,python-sdk@4.30.2,https://www.ebay.com/itm/277897205284
019ef513-ac98-71aa-94bc-faeabf42cbfc,scrape,v2,2026-06-23T15:22:47.833Z,python-sdk@4.30.2,https://www.ebay.com/itm/277993802120
019ef513-7ac3-74cf-988e-4f9e4e570c91,scrape,v2,2026-06-23T15:22:35.077Z,python-sdk@4.30.2,https://www.ebay.com/itm/278078701924
019ef513-4eb4-72ac-a6c7-9d2652aa18e4,scrape,v2,2026-06-23T15:22:23.798Z,python-sdk@4.30.2,https://www.ebay.com/itm/398084094253
019ef513-2aaf-72d8-a337-2ca282e7f0e9,scrape,v2,2026-06-23T15:22:21.107Z,python-sdk@4.30.2,https://ebay.com/itm/123456
019ef512-fca8-7033-a1e3-53fd907d9c4f,scrape,v2,2026-06-23T15:22:02.793Z,python-sdk@4.30.2,http://ebay.com/sch/i.html?_dkr=1&iconV2Request=true&_blrs=recall_filtering&_ssn=chronodynamix&store_name=markswatchesusa&_oac=1
019ef228-9807-77ed-90d8-a50563321b91,scrape,v2,2026-06-23T01:46:47.177Z,python-sdk@4.30.2,https://www.ebay.com/itm/397956091695
019ef228-93f8-7447-843d-6b938de0b99b,scrape,v2,2026-06-23T01:46:46.139Z,python-sdk@4.30.2,https://www.ebay.com/itm/277569748959
019ef228-6c38-7229-9e76-860179211951,scrape,v2,2026-06-23T01:46:35.962Z,python-sdk@4.30.2,https://www.ebay.com/itm/397752285173
019ef228-6683-713f-b405-a99205987887,scrape,v2,2026-06-23T01:46:34.501Z,python-sdk@4.30.2,https://www.ebay.com/itm/277897205284
019ef228-6068-70ed-b6dc-0e3a046d23bc,scrape,v2,2026-06-23T01:46:32.938Z,python-sdk@4.30.2,https://www.ebay.com/itm/398015197971
019ef228-5a16-756f-8bb9-9f8b352fb9ef,scrape,v2,2026-06-23T01:46:31.321Z,python-sdk@4.30.2,https://www.ebay.com/itm/398061846716
019ef228-5586-719e-803b-9e6a16712702,scrape,v2,2026-06-23T01:46:30.151Z,python-sdk@4.30.2,https://www.ebay.com/itm/398061819967
019ef228-4fad-747c-96a0-333e1a3a7915,scrape,v2,2026-06-23T01:46:28.655Z,python-sdk@4.30.2,https://www.ebay.com/itm/278078701924
019ef228-4b02-77cf-805f-714848eb2671,scrape,v2,2026-06-23T01:46:27.463Z,python-sdk@4.30.2,https://www.ebay.com/itm/398084094253
019ef228-0a3d-71f8-9bee-31f85ff3b3c2,scrape,v2,2026-06-23T01:46:10.880Z,python-sdk@4.30.2,https://ebay.com/itm/123456
019ef227-ff73-757b-8058-e312a389905a,scrape,v2,2026-06-23T01:46:08.118Z,python-sdk@4.30.2,https://www.ebay.com/sch/i.html?_dkr=1&iconV2Request=true&_blrs=recall_filtering&_ssn=chronodynamix&store_name=markswatchesusa&_oac=1
019ef223-ce96-7638-8c72-10a14be3980f,scrape,v2,2026-06-23T01:41:33.465Z,python-sdk@4.30.2,https://www.ebay.com/sch/i.html?_dkr=1&iconV2Request=true&_blrs=recall_filtering&_ssn=chronodynamix&store_name=markswatchesusa&_oac=1
019ef223-a9d1-75ce-bab5-9d7ac1704331,scrape,v2,2026-06-23T01:41:24.051Z,python-sdk@4.30.2,https://www.ebay.com/itm/316846911220
019ef21e-5fc5-7679-ad09-7b90fbb3f2f1,scrape,v2,2026-06-23T01:35:37.415Z,python-sdk@4.30.2,https://www.ebay.com/itm/398061819967
019ef21e-2b80-72b2-9c66-d6dfa44c1ec4,scrape,v2,2026-06-23T01:35:24.034Z,python-sdk@4.30.2,https://www.ebay.com/itm/278078701924
019ef21e-0e0a-70a6-b103-796c7399e81a,scrape,v2,2026-06-23T01:35:16.492Z,python-sdk@4.30.2,https://www.ebay.com/itm/398084094253
019ef21d-9579-774f-bed7-c7b54d249a49,scrape,v2,2026-06-23T01:34:45.627Z,python-sdk@4.30.2,https://www.ebay.com/itm/277802910362
019ef21d-346f-772e-917f-063cb4411534,scrape,v2,2026-06-23T01:34:20.785Z,python-sdk@4.30.2,https://www.ebay.com/itm/277947157463
019ef21c-f7d5-70a9-b762-4cd0f908ecc9,scrape,v2,2026-06-23T01:34:05.270Z,python-sdk@4.30.2,https://www.ebay.com/itm/396843117439
019ef21c-9625-7267-97cc-057736e5d96f,scrape,v2,2026-06-23T01:33:40.263Z,python-sdk@4.30.2,https://www.ebay.com/itm/278085963286
019ef21c-5e92-7275-802c-03e63af0dc4c,scrape,v2,2026-06-23T01:33:26.036Z,python-sdk@4.30.2,https://www.ebay.com/itm/398061973470
019ef21b-ffef-71b9-9ce0-16246190abef,scrape,v2,2026-06-23T01:33:01.834Z,python-sdk@4.30.2,https://www.ebay.com/itm/277521826126
019ef21b-8fa9-71eb-9194-32967e2c043f,scrape,v2,2026-06-23T01:32:33.067Z,python-sdk@4.30.2,https://www.ebay.com/itm/397900297629
019ef21b-5004-72d8-b8b4-df7ccbf5fbdb,scrape,v2,2026-06-23T01:32:16.774Z,python-sdk@4.30.2,https://www.ebay.com/itm/398014934609
019ef21a-f5b6-7242-a907-955ad024a486,scrape,v2,2026-06-23T01:31:53.656Z,python-sdk@4.30.2,https://www.ebay.com/itm/397956091695
019ef21a-9528-7200-b43c-e3f1e8fff885,scrape,v2,2026-06-23T01:31:28.939Z,python-sdk@4.30.2,https://www.ebay.com/itm/277569748959
019ef21a-38d9-72e6-8216-81fc6e4ea232,scrape,v2,2026-06-23T01:31:05.307Z,python-sdk@4.30.2,https://www.ebay.com/itm/397752285173
019ef219-dc6f-776a-9a2d-831314465d6a,scrape,v2,2026-06-23T01:30:41.650Z,python-sdk@4.30.2,https://www.ebay.com/itm/277897205284
019ef219-7907-709c-9c64-9d0e03ea7a21,scrape,v2,2026-06-23T01:30:21.661Z,python-sdk@4.30.2,https://www.ebay.com/itm/398015197971
019ef219-3a9c-712c-a6a3-df82c2f15421,scrape,v2,2026-06-23T01:30:00.222Z,python-sdk@4.30.2,https://www.ebay.com/itm/398061846716
019ef218-fd59-708a-b2ec-968b38b45eaf,scrape,v2,2026-06-23T01:29:44.539Z,python-sdk@4.30.2,https://www.ebay.com/itm/398061819967
019ef218-b6ec-733f-8496-020052f3fd1b,scrape,v2,2026-06-23T01:29:26.510Z,python-sdk@4.30.2,https://www.ebay.com/itm/278078701924
019ef218-82a1-75a4-8ac7-d034bc7b1b20,scrape,v2,2026-06-23T01:29:13.123Z,python-sdk@4.30.2,https://www.ebay.com/itm/398084094253
019ef218-5b73-7528-ae77-4806354d882a,scrape,v2,2026-06-23T01:29:03.093Z,python-sdk@4.30.2,https://www.ebay.com/sch/i.html?_dkr=1&iconV2Request=true&_blrs=recall_filtering&_ssn=chronodynamix&store_name=markswatchesusa&_oac=1
019ef218-075f-75fd-9725-b8ed6c493d39,scrape,v2,2026-06-23T01:28:41.568Z,python-sdk@4.30.2,https://www.ebay.com/itm/316846911220
019ef217-7435-71ab-86aa-62b1a71298be,scrape,v2,2026-06-23T01:28:03.898Z,python-sdk@4.30.2,https://www.ebay.com/itm/316846911220
019ef1fe-31d1-778a-93ee-26b462a96390,scrape,v2,2026-06-23T01:00:28.704Z,website,https://www.ebay.com/sch/i.html?_dkr=1&iconV2Request=true&_blrs=recall_filtering&_ssn=chronodynamix&store_name=markswatchesusa&_oac=1
019ef1e1-383b-7265-a923-8ca4cd484c4f,scrape,v2,2026-06-23T00:28:49.597Z,website,https://github.com/trending
